,Global CMP22 (vent/cor) [W/m^2],Avg Wind Speed @ 6ft [m/s],Avg Wind Direction @ 6ft [deg from N],dateTime,Image
420,-0.63978,2.95,304.0,202401010700,True
430,0.648148,2.963,290.4,202401010710,True
440,3.62089,2.638,302.5,202401010720,True
450,13.68,2.275,291.1,202401010730,True
460,29.1441,1.688,289.1,202401010740,True
470,49.3991,2.05,293.0,202401010750,True
480,73.2742,2.3,289.5,202401010800,True
490,98.9052,2.9,287.0,202401010810,True
500,125.594,2.463,290.2,202401010820,True
510,152.765,2.588,295.9,202401010830,True
520,180.033,2.638,290.3,202401010840,True
530,206.884,2.2,288.0,202401010850,True
540,233.736,2.838,282.2,202401010900,True
550,257.509,2.013,279.3,202401010910,True
560,287.061,1.35,254.4,202401010920,True
570,316.878,1.25,251.2,202401010930,True
580,296.582,0.317,230.5,202401010940,True
590,281.326,0.092,175.8,202401010950,True
600,163.86,1.175,135.4,202401011000,True
610,177.007,0.605,131.8,202401011010,True
620,311.234,0.33,124.5,202401011020,True
630,307.476,0.092,151.4,202401011030,True
640,255.217,0.812,124.6,202401011040,True
720,473.528,2.438,108.0,202401011200,True
730,540.696,2.663,112.6,202401011210,True
740,489.08,1.475,117.9,202401011220,True
750,476.123,2.3,120.9,202401011230,True
760,491.474,2.288,134.0,202401011240,True
770,487.98,1.713,154.0,202401011250,True
780,432.954,1.888,116.8,202401011300,True
790,358.513,2.375,133.0,202401011310,True
800,510.484,1.938,130.9,202401011320,True
810,177.06,2.538,134.6,202401011330,True
820,160.095,2.063,135.1,202401011340,True
830,175.56,1.95,128.2,202401011350,True
840,257.169,0.86,157.6,202401011400,True
850,133.491,0.153,165.8,202401011410,True
860,136.73,0.28,159.5,202401011420,True
870,118.981,1.063,123.6,202401011430,True
880,101.98,0.0,0.0,202401011440,True
890,97.7947,0.0,0.0,202401011450,True
900,91.7063,0.0,0.0,202401011500,True
910,83.1319,0.0,0.0,202401011510,True
920,95.4364,0.0,0.0,202401011520,True
930,75.4523,0.727,259.3,202401011530,True
940,61.6678,0.775,267.7,202401011540,True
950,49.2167,0.95,264.3,202401011550,True
960,41.4896,1.1,268.5,202401011600,True
970,34.6225,1.0,275.4,202401011610,True
980,22.7447,1.063,309.6,202401011620,True
990,12.7052,0.975,302.5,202401011630,True
1000,5.87553,0.888,299.0,202401011640,True
1010,1.88553,0.815,298.6,202401011650,True
1030,-0.627487,1.163,296.9,202401011710,True
1860,-0.669253,0.255,323.7,202401020700,True
1870,0.408773,0.875,331.6,202401020710,True
1880,3.05185,0.845,342.9,202401020720,True
1890,7.06204,0.55,22.03,202401020730,True
1900,22.7802,0.9,15.53,202401020740,True
1910,47.8686,0.0,0.0,202401020750,True
1920,71.5478,0.372,10.27,202401020800,True
1930,96.4918,0.0,0.0,202401020810,True
1940,122.849,0.0,0.0,202401020820,True
1950,149.022,0.0,0.0,202401020830,True
1960,175.95,0.0,0.0,202401020840,True
1970,202.668,0.0,0.0,202401020850,True
1980,228.681,0.0,0.0,202401020900,True
1990,253.989,0.0,0.0,202401020910,True
2000,279.616,0.0,0.0,202401020920,True
2010,302.353,0.555,95.1,202401020930,True
2020,325.453,0.105,165.1,202401020940,True
2030,347.6,1.465,128.4,202401020950,True
2040,367.864,0.592,135.9,202401021000,True
2050,386.208,0.082,228.8,202401021010,True
2060,403.408,1.95,99.1,202401021020,True
2070,419.797,2.275,92.1,202401021030,True
2080,434.676,2.563,93.2,202401021040,True
2090,447.118,1.45,104.9,202401021050,True
2100,458.787,2.088,64.19,202401021100,True
2110,468.046,2.213,89.7,202401021110,True
2150,490.027,2.213,107.1,202401021150,True
2160,491.115,2.125,98.6,202401021200,True
2170,491.19,2.013,96.0,202401021210,True
2180,489.402,1.838,82.3,202401021220,True
2190,485.624,0.495,89.4,202401021230,True
2200,480.689,1.2,49.92,202401021240,True
2210,473.505,0.572,70.28,202401021250,True
2220,465.854,0.59,141.8,202401021300,True
2230,454.407,1.2,89.9,202401021310,True
2240,444.096,0.43,114.3,202401021320,True
2250,432.024,2.2,121.0,202401021330,True
2260,416.76,1.75,64.88,202401021340,True
2270,401.193,0.702,93.3,202401021350,True
2280,383.151,0.757,35.6,202401021400,True
2290,364.098,1.073,100.5,202401021410,True
2300,344.276,1.563,27.68,202401021420,True
2310,323.272,1.625,20.96,202401021430,True
2320,300.709,1.725,14.92,202401021440,True
2330,277.27,1.625,13.17,202401021450,True
2340,251.831,1.613,20.87,202401021500,True
2350,226.981,1.263,50.95,202401021510,True
2360,201.066,0.675,19.5,202401021520,True
2370,173.543,1.313,26.17,202401021530,True
2380,147.076,1.163,18.52,202401021540,True
2390,120.517,0.97,21.54,202401021550,True
2400,92.9654,1.375,22.03,202401021600,True
2410,67.883,1.563,13.97,202401021610,True
2420,22.1982,1.625,19.01,202401021620,True
2430,12.9166,1.9,17.84,202401021630,True
2440,7.17948,2.013,17.72,202401021640,True
2450,3.37617,2.075,17.08,202401021650,True
2470,-0.634288,0.267,51.65,202401021710,True
3300,-0.710266,2.338,299.2,202401030700,True
3310,0.775452,2.025,300.3,202401030710,True
3320,3.69882,2.35,305.0,202401030720,True
3330,13.1219,1.575,290.1,202401030730,True
3340,29.8366,1.938,295.8,202401030740,True
3350,50.5234,0.83,297.5,202401030750,True
3360,75.5228,1.163,285.1,202401030800,True
3370,101.601,0.422,303.7,202401030810,True
3380,128.457,0.665,252.6,202401030820,True
3390,155.666,0.0,0.0,202401030830,True
3400,184.088,0.41,189.6,202401030840,True
3410,211.822,0.867,131.4,202401030850,True
3420,238.363,0.0,0.0,202401030900,True
3430,265.327,0.07,146.2,202401030910,True
3440,289.724,0.44,149.1,202401030920,True
3450,314.237,0.422,127.1,202401030930,True
3460,337.236,0.595,155.4,202401030940,True
3470,358.892,0.963,144.9,202401030950,True
3480,379.592,0.63,147.2,202401031000,True
3490,398.369,1.3,123.6,202401031010,True
3540,473.501,2.1,110.0,202401031100,True
3550,483.347,2.238,96.8,202401031110,True
3560,491.712,1.525,108.8,202401031120,True
3570,497.406,2.5,127.2,202401031130,True
3580,502.875,2.8,108.7,202401031140,True
3590,507.82,2.938,121.7,202401031150,True
3600,509.04,2.45,117.5,202401031200,True
3610,508.046,2.813,111.4,202401031210,True
3620,505.921,2.113,110.4,202401031220,True
3630,502.988,2.2,127.1,202401031230,True
3640,499.02,2.275,115.0,202401031240,True
3650,494.334,1.725,169.3,202401031250,True
3660,484.707,0.975,145.5,202401031300,True
3670,476.333,1.938,97.0,202401031310,True
3680,466.879,1.588,118.8,202401031320,True
3690,451.971,1.2,80.1,202401031330,True
3700,451.808,2.163,87.7,202401031340,True
3710,368.668,1.738,145.2,202401031350,True
3720,280.877,0.247,110.9,202401031400,True
3730,299.268,0.78,135.7,202401031410,True
3740,375.403,1.45,104.1,202401031420,True
3750,313.763,1.138,87.5,202401031430,True
3760,245.778,0.332,82.0,202401031440,True
3770,176.955,0.475,68.46,202401031450,True
3780,185.991,1.125,92.3,202401031500,True
3790,112.353,1.338,35.97,202401031510,True
3800,137.245,1.7,77.53,202401031520,True
3810,75.0644,1.088,123.0,202401031530,True
3820,69.9341,2.2,137.9,202401031540,True
3830,58.2121,2.125,95.2,202401031550,True
3840,52.8253,2.65,98.9,202401031600,True
3850,33.9226,1.363,127.8,202401031610,True
3860,17.7391,1.053,88.8,202401031620,True
3870,12.8222,0.975,59.85,202401031630,True
3880,8.34282,1.225,85.0,202401031640,True
3890,1.66589,1.238,83.5,202401031650,True
3910,-0.713534,0.282,353.7,202401031710,True
4740,-0.634439,0.163,130.8,202401040700,True
4750,-0.10917,0.0,0.0,202401040710,True
4760,1.52104,0.0,0.0,202401040720,True
4770,4.81566,0.762,301.8,202401040730,True
4780,11.2231,0.0,0.0,202401040740,True
4790,19.2282,0.0,0.0,202401040750,True
4800,31.0321,1.225,89.2,202401040800,True
4810,39.9558,0.287,47.98,202401040810,True
4820,40.4179,0.68,72.16,202401040820,True
4830,46.0937,0.362,61.58,202401040830,True
4840,58.0639,0.103,272.8,202401040840,True
4850,63.9145,1.363,301.1,202401040850,True
4860,70.1483,0.263,273.5,202401040900,True
4870,79.7089,0.83,139.7,202401040910,True
4880,88.6724,2.45,117.7,202401040920,True
4890,108.474,2.113,121.0,202401040930,True
4900,135.387,1.425,118.3,202401040940,True
4910,145.395,0.138,41.37,202401040950,True
4920,179.439,0.645,78.3,202401041000,True
4930,243.852,1.713,82.7,202401041010,True
4940,247.604,1.513,56.64,202401041020,True
4950,187.989,0.925,301.3,202401041030,True
4960,178.498,0.0,0.0,202401041040,True
4970,189.576,2.238,93.5,202401041050,True
4980,173.114,1.463,105.0,202401041100,True
4990,144.821,1.763,120.0,202401041110,True
5030,189.261,1.338,47.08,202401041150,True
5040,268.694,1.05,15.06,202401041200,True
5050,560.287,1.15,99.6,202401041210,True
5060,635.129,2.6,109.9,202401041220,True
5070,510.57,1.613,72.76,202401041230,True
5080,373.86,1.42,103.6,202401041240,True
5090,314.875,0.517,5.631,202401041250,True
5100,355.328,1.313,109.5,202401041300,True
5110,280.532,0.22,68.47,202401041310,True
5120,220.399,0.332,82.8,202401041320,True
