DATE (MM/DD/YYYY),MST,Global CMP22 (vent/cor) [W/m^2]
07-05-2026,00:00,-1.14373
07-05-2026,00:01,-1.16354
07-05-2026,00:02,-1.18347
07-05-2026,00:03,-1.19535
07-05-2026,00:04,-1.19002
07-05-2026,00:05,-1.19283
07-05-2026,00:06,-1.17681
07-05-2026,00:07,-1.18066
07-05-2026,00:08,-1.15282
07-05-2026,00:09,-1.13153
07-05-2026,00:10,-1.13366
07-05-2026,00:11,-1.11661
07-05-2026,00:12,-1.12511
07-05-2026,00:13,-1.10982
07-05-2026,00:14,-1.11262
07-05-2026,00:15,-1.1171
07-05-2026,00:16,-1.10434
07-05-2026,00:17,-1.12201
07-05-2026,00:18,-1.12058
07-05-2026,00:19,-1.10477
07-05-2026,00:20,-1.12438
07-05-2026,00:21,-1.12814
07-05-2026,00:22,-1.13839
07-05-2026,00:23,-1.14852
07-05-2026,00:24,-1.13864
07-05-2026,00:25,-1.14699
07-05-2026,00:26,-1.15942
07-05-2026,00:27,-1.17098
07-05-2026,00:28,-1.18009
07-05-2026,00:29,-1.18418
07-05-2026,00:30,-1.18459
07-05-2026,00:31,-1.18969
07-05-2026,00:32,-1.21038
07-05-2026,00:33,-1.20689
07-05-2026,00:34,-1.21834
07-05-2026,00:35,-1.2256
07-05-2026,00:36,-1.19148
07-05-2026,00:37,-1.18178
07-05-2026,00:38,-1.12685
07-05-2026,00:39,-1.09149
07-05-2026,00:40,-1.06466
07-05-2026,00:41,-1.03069
07-05-2026,00:42,-0.986065
07-05-2026,00:43,-0.990058
07-05-2026,00:44,-0.955628
07-05-2026,00:45,-0.940469
07-05-2026,00:46,-0.942704
07-05-2026,00:47,-0.963591
07-05-2026,00:48,-0.951586
07-05-2026,00:49,-0.976285
07-05-2026,00:50,-0.996101
07-05-2026,00:51,-1.0227
07-05-2026,00:52,-1.05719
07-05-2026,00:53,-1.07787
07-05-2026,00:54,-1.11927
07-05-2026,00:55,-1.15602
07-05-2026,00:56,-1.15803
07-05-2026,00:57,-1.19087
07-05-2026,00:58,-1.20249
07-05-2026,00:59,-1.20338
07-05-2026,01:00,-1.22135
07-05-2026,01:01,-1.2481
07-05-2026,01:02,-1.23744
07-05-2026,01:03,-1.23487
07-05-2026,01:04,-1.24281
07-05-2026,01:05,-1.25745
07-05-2026,01:06,-1.25604
07-05-2026,01:07,-1.26037
07-05-2026,01:08,-1.24269
07-05-2026,01:09,-1.21488
07-05-2026,01:10,-1.20402
07-05-2026,01:11,-1.14192
07-05-2026,01:12,-1.15196
07-05-2026,01:13,-1.14338
07-05-2026,01:14,-1.14012
07-05-2026,01:15,-1.13913
07-05-2026,01:16,-1.14329
07-05-2026,01:17,-1.13318
07-05-2026,01:18,-1.13438
07-05-2026,01:19,-1.1304
07-05-2026,01:20,-1.11007
07-05-2026,01:21,-1.12913
07-05-2026,01:22,-1.11611
07-05-2026,01:23,-1.13465
07-05-2026,01:24,-1.15517
07-05-2026,01:25,-1.16152
07-05-2026,01:26,-1.16009
07-05-2026,01:27,-1.19087
07-05-2026,01:28,-1.19582
07-05-2026,01:29,-1.18708
07-05-2026,01:30,-1.18255
07-05-2026,01:31,-1.16894
07-05-2026,01:32,-1.18489
07-05-2026,01:33,-1.15997
07-05-2026,01:34,-1.16465
07-05-2026,01:35,-1.146
07-05-2026,01:36,-1.14058
07-05-2026,01:37,-1.11465
07-05-2026,01:38,-1.09807
07-05-2026,01:39,-1.09075
07-05-2026,01:40,-1.09631
07-05-2026,01:41,-1.07862
07-05-2026,01:42,-1.09885
07-05-2026,01:43,-1.13727
07-05-2026,01:44,-1.1524
07-05-2026,01:45,-1.14736
07-05-2026,01:46,-1.15466
07-05-2026,01:47,-1.15665
07-05-2026,01:48,-1.15381
07-05-2026,01:49,-1.16993
07-05-2026,01:50,-1.16411
07-05-2026,01:51,-1.17447
07-05-2026,01:52,-1.17251
07-05-2026,01:53,-1.16505
07-05-2026,01:54,-1.15737
07-05-2026,01:55,-1.17121
07-05-2026,01:56,-1.18057
07-05-2026,01:57,-1.17831
07-05-2026,01:58,-1.15437
07-05-2026,01:59,-1.16083
07-05-2026,02:00,-1.14961
07-05-2026,02:01,-1.12618
07-05-2026,02:02,-1.11406
07-05-2026,02:03,-1.10289
07-05-2026,02:04,-1.12559
07-05-2026,02:05,-1.12447
07-05-2026,02:06,-1.15571
07-05-2026,02:07,-1.16534
07-05-2026,02:08,-1.20097
07-05-2026,02:09,-1.20445
07-05-2026,02:10,-1.19287
07-05-2026,02:11,-1.18253
07-05-2026,02:12,-1.19579
07-05-2026,02:13,-1.18869
07-05-2026,02:14,-1.16444
07-05-2026,02:15,-1.17801
07-05-2026,02:16,-1.15351
07-05-2026,02:17,-1.12364
07-05-2026,02:18,-1.11422
07-05-2026,02:19,-1.10965
07-05-2026,02:20,-1.11467
07-05-2026,02:21,-1.10186
07-05-2026,02:22,-1.12376
07-05-2026,02:23,-1.10624
07-05-2026,02:24,-1.11088
07-05-2026,02:25,-1.08978
07-05-2026,02:26,-1.10343
07-05-2026,02:27,-1.09197
07-05-2026,02:28,-1.10498
07-05-2026,02:29,-1.08948
07-05-2026,02:30,-1.12235
07-05-2026,02:31,-1.1133
07-05-2026,02:32,-1.11039
07-05-2026,02:33,-1.1151
07-05-2026,02:34,-1.11482
07-05-2026,02:35,-1.14927
07-05-2026,02:36,-1.1765
07-05-2026,02:37,-1.20577
07-05-2026,02:38,-1.2497
07-05-2026,02:39,-1.2797
07-05-2026,02:40,-1.29611
07-05-2026,02:41,-1.32277
07-05-2026,02:42,-1.29211
07-05-2026,02:43,-1.26994
07-05-2026,02:44,-1.266
07-05-2026,02:45,-1.24694
07-05-2026,02:46,-1.19851
07-05-2026,02:47,-1.18251
07-05-2026,02:48,-1.19092
07-05-2026,02:49,-1.17712
07-05-2026,02:50,-1.18343
07-05-2026,02:51,-1.19707
07-05-2026,02:52,-1.21866
07-05-2026,02:53,-1.22349
07-05-2026,02:54,-1.23472
07-05-2026,02:55,-1.23407
07-05-2026,02:56,-1.20169
07-05-2026,02:57,-1.20668
07-05-2026,02:58,-1.1739
07-05-2026,02:59,-1.1436
07-05-2026,03:00,-1.11699
07-05-2026,03:01,-1.08238
07-05-2026,03:02,-1.07667
07-05-2026,03:03,-1.05781
07-05-2026,03:04,-1.03202
07-05-2026,03:05,-0.988889
07-05-2026,03:06,-1.00596
07-05-2026,03:07,-0.994928
07-05-2026,03:08,-0.9755
07-05-2026,03:09,-1.00819
07-05-2026,03:10,-0.971006
07-05-2026,03:11,-0.997347
07-05-2026,03:12,-0.979159
07-05-2026,03:13,-0.998207
07-05-2026,03:14,-0.99838
07-05-2026,03:15,-0.999647
07-05-2026,03:16,-1.02886
07-05-2026,03:17,-1.04997
07-05-2026,03:18,-1.07773
07-05-2026,03:19,-1.09243
07-05-2026,03:20,-1.10707
07-05-2026,03:21,-1.10848
07-05-2026,03:22,-1.12657
07-05-2026,03:23,-1.13297
07-05-2026,03:24,-1.13286
07-05-2026,03:25,-1.15889
07-05-2026,03:26,-1.15894
07-05-2026,03:27,-1.17305
07-05-2026,03:28,-1.15262
07-05-2026,03:29,-1.15681
07-05-2026,03:30,-1.12925
07-05-2026,03:31,-1.14356
07-05-2026,03:32,-1.12136
07-05-2026,03:33,-1.10482
07-05-2026,03:34,-1.10711
07-05-2026,03:35,-1.12671
07-05-2026,03:36,-1.11026
07-05-2026,03:37,-1.12715
07-05-2026,03:38,-1.11375
07-05-2026,03:39,-1.14033
07-05-2026,03:40,-1.13128
07-05-2026,03:41,-1.13675
07-05-2026,03:42,-1.14637
07-05-2026,03:43,-1.13912
07-05-2026,03:44,-1.13719
07-05-2026,03:45,-1.14438
07-05-2026,03:46,-1.13637
07-05-2026,03:47,-1.14582
07-05-2026,03:48,-1.15413
07-05-2026,03:49,-1.13426
07-05-2026,03:50,-1.1314
07-05-2026,03:51,-1.12569
07-05-2026,03:52,-1.1438
07-05-2026,03:53,-1.12001
07-05-2026,03:54,-1.12323
07-05-2026,03:55,-1.1207
07-05-2026,03:56,-1.13898
07-05-2026,03:57,-1.14698
07-05-2026,03:58,-1.14744
07-05-2026,03:59,-1.13795
07-05-2026,04:00,-1.12565
07-05-2026,04:01,-1.14958
07-05-2026,04:02,-1.13554
07-05-2026,04:03,-1.17071
07-05-2026,04:04,-1.16644
07-05-2026,04:05,-1.17721
07-05-2026,04:06,-1.16238
07-05-2026,04:07,-1.14203
07-05-2026,04:08,-1.09664
07-05-2026,04:09,-1.08358
07-05-2026,04:10,-1.04553
07-05-2026,04:11,-0.991411
07-05-2026,04:12,-0.937377
07-05-2026,04:13,-0.928297
07-05-2026,04:14,-0.89203
07-05-2026,04:15,-0.854165
07-05-2026,04:16,-0.835823
07-05-2026,04:17,-0.79969
07-05-2026,04:18,-0.775062
07-05-2026,04:19,-0.737342
07-05-2026,04:20,-0.684666
07-05-2026,04:21,-0.584894
07-05-2026,04:22,-0.515097
07-05-2026,04:23,-0.378561
07-05-2026,04:24,-0.243602
07-05-2026,04:25,-0.117646
07-05-2026,04:26,0.01005
07-05-2026,04:27,0.200029
07-05-2026,04:28,0.411071
07-05-2026,04:29,0.615863
07-05-2026,04:30,0.846039
07-05-2026,04:31,1.11038
07-05-2026,04:32,1.39177
07-05-2026,04:33,1.68415
07-05-2026,04:34,2.02751
07-05-2026,04:35,2.37974
07-05-2026,04:36,2.79034
07-05-2026,04:37,3.16237
07-05-2026,04:38,3.62931
07-05-2026,04:39,4.10548
07-05-2026,04:40,4.59133
07-05-2026,04:41,5.10582
07-05-2026,04:42,5.63884
07-05-2026,04:43,6.29633
07-05-2026,04:44,6.86287
07-05-2026,04:45,7.73134
07-05-2026,04:46,8.44249
07-05-2026,04:47,9.241
07-05-2026,04:48,10.0975
07-05-2026,04:49,11.1025
07-05-2026,04:50,12.0625
07-05-2026,04:51,13.0957
07-05-2026,04:52,14.1572
07-05-2026,04:53,15.2641
07-05-2026,04:54,16.4621
07-05-2026,04:55,17.6966
07-05-2026,04:56,19.0315
07-05-2026,04:57,20.3899
07-05-2026,04:58,21.9852
07-05-2026,04:59,24.1988
07-05-2026,05:00,24.5893
07-05-2026,05:01,25.99
07-05-2026,05:02,27.4881
07-05-2026,05:03,29.068
07-05-2026,05:04,30.6968
07-05-2026,05:05,32.405
07-05-2026,05:06,34.2654
07-05-2026,05:07,36.161
07-05-2026,05:08,38.0968
07-05-2026,05:09,40.0889
07-05-2026,05:10,42.0769
07-05-2026,05:11,44.1624
07-05-2026,05:12,46.2864
07-05-2026,05:13,48.5153
07-05-2026,05:14,50.7098
07-05-2026,05:15,52.9758
07-05-2026,05:16,55.2178
07-05-2026,05:17,57.5263
07-05-2026,05:18,59.7991
07-05-2026,05:19,62.1404
07-05-2026,05:20,64.4058
07-05-2026,05:21,66.5938
07-05-2026,05:22,69.0092
07-05-2026,05:23,71.3588
07-05-2026,05:24,73.6706
07-05-2026,05:25,76.1055
07-05-2026,05:26,78.4659
07-05-2026,05:27,80.898
07-05-2026,05:28,83.121
07-05-2026,05:29,85.2588
07-05-2026,05:30,87.0922
07-05-2026,05:31,89.1403
07-05-2026,05:32,91.3692
07-05-2026,05:33,93.6695
07-05-2026,05:34,95.8427
07-05-2026,05:35,97.9588
07-05-2026,05:36,100.597
07-05-2026,05:37,103.29
07-05-2026,05:38,105.88
07-05-2026,05:39,108.39
07-05-2026,05:40,110.585
07-05-2026,05:41,112.868
07-05-2026,05:42,115.174
07-05-2026,05:43,117.246
07-05-2026,05:44,119.502
07-05-2026,05:45,121.911
07-05-2026,05:46,124.433
07-05-2026,05:47,126.519
07-05-2026,05:48,129.046
07-05-2026,05:49,131.756
07-05-2026,05:50,134.096
07-05-2026,05:51,136.417
07-05-2026,05:52,139.129
07-05-2026,05:53,142.466
07-05-2026,05:54,145.499
07-05-2026,05:55,148.641
07-05-2026,05:56,151.61
07-05-2026,05:57,154.43
07-05-2026,05:58,157.288
07-05-2026,05:59,160.014
07-05-2026,06:00,163.061
07-05-2026,06:01,166.258
07-05-2026,06:02,169.195
07-05-2026,06:03,172.496
07-05-2026,06:04,175.648
07-05-2026,06:05,178.963
07-05-2026,06:06,182.112
07-05-2026,06:07,185.286
07-05-2026,06:08,188.68
07-05-2026,06:09,191.82
07-05-2026,06:10,195.205
07-05-2026,06:11,198.808
07-05-2026,06:12,202.527
07-05-2026,06:13,205.765
07-05-2026,06:14,209.202
07-05-2026,06:15,212.551
07-05-2026,06:16,216.096
07-05-2026,06:17,219.448
07-05-2026,06:18,222.634
07-05-2026,06:19,226.158
07-05-2026,06:20,229.672
07-05-2026,06:21,232.782
07-05-2026,06:22,236.012
07-05-2026,06:23,239.116
07-05-2026,06:24,242.212
07-05-2026,06:25,245.488
07-05-2026,06:26,248.739
07-05-2026,06:27,252.08
07-05-2026,06:28,255.418
07-05-2026,06:29,258.544
07-05-2026,06:30,262.024
07-05-2026,06:31,266.074
07-05-2026,06:32,269.616
07-05-2026,06:33,273.201
07-05-2026,06:34,276.736
07-05-2026,06:35,280.253
07-05-2026,06:36,284.016
07-05-2026,06:37,287.545
07-05-2026,06:38,290.609
07-05-2026,06:39,293.428
07-05-2026,06:40,296.534
07-05-2026,06:41,299.763
07-05-2026,06:42,303.115
07-05-2026,06:43,306.413
07-05-2026,06:44,309.692
07-05-2026,06:45,313.332
07-05-2026,06:46,317.186
07-05-2026,06:47,320.742
07-05-2026,06:48,324.364
07-05-2026,06:49,328.076
07-05-2026,06:50,331.518
07-05-2026,06:51,335.176
07-05-2026,06:52,338.688
07-05-2026,06:53,341.826
07-05-2026,06:54,345.037
07-05-2026,06:55,348.651
07-05-2026,06:56,352.143
07-05-2026,06:57,355.135
07-05-2026,06:58,358.469
07-05-2026,06:59,362.025
07-05-2026,07:00,365.769
07-05-2026,07:01,369.221
07-05-2026,07:02,372.739
07-05-2026,07:03,376.584
07-05-2026,07:04,380.267
07-05-2026,07:05,384.04
07-05-2026,07:06,387.597
07-05-2026,07:07,390.817
07-05-2026,07:08,393.837
07-05-2026,07:09,396.854
07-05-2026,07:10,400.049
07-05-2026,07:11,402.995
07-05-2026,07:12,406.452
07-05-2026,07:13,410.238
07-05-2026,07:14,413.657
07-05-2026,07:15,416.714
07-05-2026,07:16,419.933
07-05-2026,07:17,423.325
07-05-2026,07:18,427.028
07-05-2026,07:19,430.616
07-05-2026,07:20,434.101
07-05-2026,07:21,437.858
07-05-2026,07:22,441.118
07-05-2026,07:23,444.093
07-05-2026,07:24,447.505
07-05-2026,07:25,450.656
07-05-2026,07:26,453.962
07-05-2026,07:27,457.855
07-05-2026,07:28,461.622
07-05-2026,07:29,465.603
07-05-2026,07:30,469.397
07-05-2026,07:31,473.135
07-05-2026,07:32,477.305
07-05-2026,07:33,481.259
07-05-2026,07:34,485.288
07-05-2026,07:35,487.615
07-05-2026,07:36,490.033
07-05-2026,07:37,493.026
07-05-2026,07:38,496.204
07-05-2026,07:39,499.978
07-05-2026,07:40,503.675
07-05-2026,07:41,508.259
07-05-2026,07:42,512.166
07-05-2026,07:43,515.362
07-05-2026,07:44,518.305
07-05-2026,07:45,521.71
07-05-2026,07:46,525.345
07-05-2026,07:47,528.781
07-05-2026,07:48,532.207
07-05-2026,07:49,535.47
07-05-2026,07:50,538.452
07-05-2026,07:51,541.432
07-05-2026,07:52,544.453
07-05-2026,07:53,547.35
07-05-2026,07:54,550.08
07-05-2026,07:55,553.3
07-05-2026,07:56,557.026
07-05-2026,07:57,560.821
07-05-2026,07:58,563.875
07-05-2026,07:59,566.609
07-05-2026,08:00,569.937
07-05-2026,08:01,572.98
07-05-2026,08:02,577.144
07-05-2026,08:03,580.519
07-05-2026,08:04,583.865
07-05-2026,08:05,587.241
07-05-2026,08:06,590.106
07-05-2026,08:07,593.674
07-05-2026,08:08,596.433
07-05-2026,08:09,599.656
07-05-2026,08:10,603.021
07-05-2026,08:11,606.573
07-05-2026,08:12,609.33
07-05-2026,08:13,612.098
07-05-2026,08:14,614.454
07-05-2026,08:15,618.162
07-05-2026,08:16,622.528
07-05-2026,08:17,626.23
07-05-2026,08:18,629.828
07-05-2026,08:19,634.074
07-05-2026,08:20,636.972
07-05-2026,08:21,640.651
07-05-2026,08:22,644.491
07-05-2026,08:23,647.557
07-05-2026,08:24,650.256
07-05-2026,08:25,653.603
07-05-2026,08:26,657.25
07-05-2026,08:27,660.755
07-05-2026,08:28,663.693
07-05-2026,08:29,667.238
07-05-2026,08:30,669.727
07-05-2026,08:31,672.123
07-05-2026,08:32,676.194
07-05-2026,08:33,679.768
07-05-2026,08:34,682.111
07-05-2026,08:35,684.756
07-05-2026,08:36,687.522
07-05-2026,08:37,689.979
07-05-2026,08:38,692.448
07-05-2026,08:39,695.368
07-05-2026,08:40,699.34
07-05-2026,08:41,702.154
07-05-2026,08:42,704.902
07-05-2026,08:43,707.297
07-05-2026,08:44,710.086
07-05-2026,08:45,712.508
07-05-2026,08:46,715.673
07-05-2026,08:47,718.937
07-05-2026,08:48,722.341
07-05-2026,08:49,725.337
07-05-2026,08:50,727.056
07-05-2026,08:51,728.899
07-05-2026,08:52,732.381
07-05-2026,08:53,736.767
07-05-2026,08:54,740.479
07-05-2026,08:55,742.015
07-05-2026,08:56,744.392
07-05-2026,08:57,747.022
07-05-2026,08:58,749.956
07-05-2026,08:59,753.383
07-05-2026,09:00,756.365
07-05-2026,09:01,759.178
07-05-2026,09:02,761.312
07-05-2026,09:03,764.042
07-05-2026,09:04,766.633
07-05-2026,09:05,769.328
07-05-2026,09:06,771.893
07-05-2026,09:07,773.924
07-05-2026,09:08,777.377
07-05-2026,09:09,779.951
07-05-2026,09:10,783.398
07-05-2026,09:11,786.091
07-05-2026,09:12,789.166
07-05-2026,09:13,791.009
07-05-2026,09:14,792.709
07-05-2026,09:15,794.531
07-05-2026,09:16,796.938
07-05-2026,09:17,798.13
07-05-2026,09:18,798.69
07-05-2026,09:19,800.972
07-05-2026,09:20,803.448
07-05-2026,09:21,806.629
07-05-2026,09:22,809.206
07-05-2026,09:23,811.183
07-05-2026,09:24,813.979
07-05-2026,09:25,817.556
07-05-2026,09:26,820.005
07-05-2026,09:27,823.209
07-05-2026,09:28,828.372
07-05-2026,09:29,830.779
07-05-2026,09:30,831.904
07-05-2026,09:31,833.868
07-05-2026,09:32,835.604
07-05-2026,09:33,836.919
07-05-2026,09:34,839.065
07-05-2026,09:35,841.438
07-05-2026,09:36,843.398
07-05-2026,09:37,843.301
07-05-2026,09:38,845.521
07-05-2026,09:39,847.073
07-05-2026,09:40,850.309
07-05-2026,09:41,853.969
07-05-2026,09:42,856.583
07-05-2026,09:43,859.028
07-05-2026,09:44,860.91
07-05-2026,09:45,862.257
07-05-2026,09:46,864.81
07-05-2026,09:47,866.21
07-05-2026,09:48,865.965
07-05-2026,09:49,869.232
07-05-2026,09:50,872.489
07-05-2026,09:51,874.374
07-05-2026,09:52,875.157
07-05-2026,09:53,875.698
07-05-2026,09:54,877.534
07-05-2026,09:55,881.213
07-05-2026,09:56,884.288
07-05-2026,09:57,887.538
07-05-2026,09:58,889.555
07-05-2026,09:59,891.271
07-05-2026,10:00,893.251
07-05-2026,10:01,895.703
07-05-2026,10:02,897.739
07-05-2026,10:03,899.126
07-05-2026,10:04,901.254
07-05-2026,10:05,901.077
07-05-2026,10:06,902.539
07-05-2026,10:07,905.024
07-05-2026,10:08,908.134
07-05-2026,10:09,910.722
07-05-2026,10:10,913.284
07-05-2026,10:11,912.431
07-05-2026,10:12,914.287
07-05-2026,10:13,914.869
07-05-2026,10:14,915.446
07-05-2026,10:15,916.244
07-05-2026,10:16,918.107
07-05-2026,10:17,918.956
07-05-2026,10:18,920.336
07-05-2026,10:19,922.923
07-05-2026,10:20,926.104
07-05-2026,10:21,928.913
07-05-2026,10:22,931.378
07-05-2026,10:23,933.63
07-05-2026,10:24,937.065
07-05-2026,10:25,937.444
07-05-2026,10:26,938.79
07-05-2026,10:27,941.181
07-05-2026,10:28,941.24
07-05-2026,10:29,941.705
07-05-2026,10:30,942.568
07-05-2026,10:31,941.492
07-05-2026,10:32,942.421
07-05-2026,10:33,945.141
07-05-2026,10:34,948.734
07-05-2026,10:35,949.982
07-05-2026,10:36,949.769
07-05-2026,10:37,953.492
07-05-2026,10:38,957.149
07-05-2026,10:39,959.128
07-05-2026,10:40,955.907
07-05-2026,10:41,959.495
07-05-2026,10:42,963.537
07-05-2026,10:43,965.714
07-05-2026,10:44,970.568
07-05-2026,10:45,973.495
07-05-2026,10:46,974.12
07-05-2026,10:47,970.652
07-05-2026,10:48,967.287
07-05-2026,10:49,971.219
07-05-2026,10:50,970.215
07-05-2026,10:51,966.413
07-05-2026,10:52,960.694
07-05-2026,10:53,956.802
07-05-2026,10:54,968.635
07-05-2026,10:55,968.459
07-05-2026,10:56,962.105
07-05-2026,10:57,966.385
07-05-2026,10:58,985.038
07-05-2026,10:59,980.878
07-05-2026,11:00,980.856
07-05-2026,11:01,955.867
07-05-2026,11:02,975.495
07-05-2026,11:03,984.123
07-05-2026,11:04,981.206
07-05-2026,11:05,994.638
07-05-2026,11:06,1013.98
07-05-2026,11:07,999.999
07-05-2026,11:08,968.202
07-05-2026,11:09,975.189
07-05-2026,11:10,989.457
07-05-2026,11:11,978.738
07-05-2026,11:12,977.668
07-05-2026,11:13,973.079
07-05-2026,11:14,972.988
07-05-2026,11:15,980.401
07-05-2026,11:16,981.723
07-05-2026,11:17,984.414
07-05-2026,11:18,989.58
07-05-2026,11:19,981.994
07-05-2026,11:20,989.267
07-05-2026,11:21,989.829
07-05-2026,11:22,990.225
07-05-2026,11:23,983.801
07-05-2026,11:24,986.217
07-05-2026,11:25,985.822
07-05-2026,11:26,989.151
07-05-2026,11:27,991.783
07-05-2026,11:28,986.605
07-05-2026,11:29,989.881
07-05-2026,11:30,990.721
07-05-2026,11:31,992.623
07-05-2026,11:32,996.389
07-05-2026,11:33,999.135
07-05-2026,11:34,1002.5
07-05-2026,11:35,1002.38
07-05-2026,11:36,999.586
07-05-2026,11:37,999.79
07-05-2026,11:38,1005.33
07-05-2026,11:39,1007.38
07-05-2026,11:40,1008.54
07-05-2026,11:41,1009.62
07-05-2026,11:42,1013.2
07-05-2026,11:43,1016.27
07-05-2026,11:44,1019.25
07-05-2026,11:45,1019.13
07-05-2026,11:46,1018.96
07-05-2026,11:47,1014.47
07-05-2026,11:48,1014.53
07-05-2026,11:49,1013.09
07-05-2026,11:50,1011.12
07-05-2026,11:51,1012.07
07-05-2026,11:52,1009.43
07-05-2026,11:53,1006.7
07-05-2026,11:54,1007.12
07-05-2026,11:55,1008.59
07-05-2026,11:56,1009.84
07-05-2026,11:57,1010.44
07-05-2026,11:58,1007.6
07-05-2026,11:59,1007.64
07-05-2026,12:00,1007.5
07-05-2026,12:01,1005.13
07-05-2026,12:02,1003.85
07-05-2026,12:03,1007.2
07-05-2026,12:04,1007.52
07-05-2026,12:05,1007.8
07-05-2026,12:06,1008.74
07-05-2026,12:07,1008.13
07-05-2026,12:08,1006.96
07-05-2026,12:09,1008.48
07-05-2026,12:10,1009.07
07-05-2026,12:11,1008.67
07-05-2026,12:12,1009.56
07-05-2026,12:13,1010.29
07-05-2026,12:14,1010.92
07-05-2026,12:15,1011.34
07-05-2026,12:16,1011.45
07-05-2026,12:17,1011.14
07-05-2026,12:18,1010.19
07-05-2026,12:19,1009.5
07-05-2026,12:20,1008.71
07-05-2026,12:21,1009.03
07-05-2026,12:22,1007.67
07-05-2026,12:23,1006.36
07-05-2026,12:24,1006.77
07-05-2026,12:25,1006.35
07-05-2026,12:26,1008.4
07-05-2026,12:27,1007.62
07-05-2026,12:28,1005.63
07-05-2026,12:29,1004.15
07-05-2026,12:30,1002.73
07-05-2026,12:31,1001.02
07-05-2026,12:32,1000.74
07-05-2026,12:33,1000.78
07-05-2026,12:34,999.572
07-05-2026,12:35,997.716
07-05-2026,12:36,997.541
07-05-2026,12:37,995.627
07-05-2026,12:38,997.641
07-05-2026,12:39,998.576
07-05-2026,12:40,995.613
07-05-2026,12:41,994.086
07-05-2026,12:42,993.402
07-05-2026,12:43,992.956
07-05-2026,12:44,990.798
07-05-2026,12:45,991.263
07-05-2026,12:46,989.955
07-05-2026,12:47,990.181
07-05-2026,12:48,989.384
07-05-2026,12:49,988.476
07-05-2026,12:50,989.539
07-05-2026,12:51,987.688
07-05-2026,12:52,985.317
07-05-2026,12:53,985.055
07-05-2026,12:54,984.766
07-05-2026,12:55,983.88
07-05-2026,12:56,982.818
07-05-2026,12:57,981.543
07-05-2026,12:58,981.499
07-05-2026,12:59,981.308
07-05-2026,13:00,981.987
07-05-2026,13:01,980.389
07-05-2026,13:02,979.563
07-05-2026,13:03,978.972
07-05-2026,13:04,978.628
07-05-2026,13:05,979.05
07-05-2026,13:06,978.101
07-05-2026,13:07,976.147
07-05-2026,13:08,973.683
07-05-2026,13:09,971.787
07-05-2026,13:10,970.251
07-05-2026,13:11,969.697
07-05-2026,13:12,968.928
07-05-2026,13:13,967.518
07-05-2026,13:14,966.922
07-05-2026,13:15,966.037
07-05-2026,13:16,963.82
07-05-2026,13:17,962.234
07-05-2026,13:18,961.542
07-05-2026,13:19,960.633
07-05-2026,13:20,960.15
07-05-2026,13:21,959.215
07-05-2026,13:22,958.662
07-05-2026,13:23,956.752
07-05-2026,13:24,956.237
07-05-2026,13:25,955.675
07-05-2026,13:26,954.317
07-05-2026,13:27,954.05
07-05-2026,13:28,952.383
07-05-2026,13:29,952.114
07-05-2026,13:30,951.851
07-05-2026,13:31,948.29
07-05-2026,13:32,944.344
07-05-2026,13:33,943.237
07-05-2026,13:34,940.752
07-05-2026,13:35,939.481
07-05-2026,13:36,937.332
07-05-2026,13:37,934.718
07-05-2026,13:38,931.911
07-05-2026,13:39,930.184
07-05-2026,13:40,929.073
07-05-2026,13:41,927.594
07-05-2026,13:42,927.474
07-05-2026,13:43,926.83
07-05-2026,13:44,926.738
07-05-2026,13:45,924.168
07-05-2026,13:46,921.526
07-05-2026,13:47,921.278
07-05-2026,13:48,920.203
07-05-2026,13:49,919.364
07-05-2026,13:50,918.986
07-05-2026,13:51,918.729
07-05-2026,13:52,915.538
07-05-2026,13:53,910.825
07-05-2026,13:54,907.794
07-05-2026,13:55,907.02
07-05-2026,13:56,906.678
07-05-2026,13:57,906.406
07-05-2026,13:58,903.741
07-05-2026,13:59,901.143
07-05-2026,14:00,899.214
07-05-2026,14:01,896.574
07-05-2026,14:02,895.639
07-05-2026,14:03,894.398
07-05-2026,14:04,893.002
07-05-2026,14:05,889.993
07-05-2026,14:06,885.678
07-05-2026,14:07,883.516
07-05-2026,14:08,882.178
07-05-2026,14:09,882.296
07-05-2026,14:10,881.045
07-05-2026,14:11,875.618
07-05-2026,14:12,875.356
07-05-2026,14:13,874.512
07-05-2026,14:14,873.067
07-05-2026,14:15,874.303
07-05-2026,14:16,874.517
07-05-2026,14:17,871.491
07-05-2026,14:18,869.091
07-05-2026,14:19,867.45
07-05-2026,14:20,864.738
07-05-2026,14:21,861.731
07-05-2026,14:22,860.223
07-05-2026,14:23,860.085
07-05-2026,14:24,859.387
07-05-2026,14:25,858.173
07-05-2026,14:26,853.976
07-05-2026,14:27,849.333
07-05-2026,14:28,845.477
07-05-2026,14:29,842.642
07-05-2026,14:30,839.713
07-05-2026,14:31,836.364
07-05-2026,14:32,836.569
07-05-2026,14:33,838.976
07-05-2026,14:34,837.571
07-05-2026,14:35,840.036
07-05-2026,14:36,842.441
07-05-2026,14:37,845.058
07-05-2026,14:38,842.336
07-05-2026,14:39,756.318
07-05-2026,14:40,654.602
07-05-2026,14:41,821.671
07-05-2026,14:42,821.265
07-05-2026,14:43,820.768
07-05-2026,14:44,817.837
07-05-2026,14:45,814.601
07-05-2026,14:46,811.022
07-05-2026,14:47,808.653
07-05-2026,14:48,808.352
07-05-2026,14:49,810.447
07-05-2026,14:50,823.149
07-05-2026,14:51,726.861
07-05-2026,14:52,630.681
07-05-2026,14:53,420.875
07-05-2026,14:54,806.666
07-05-2026,14:55,797.843
07-05-2026,14:56,794.628
07-05-2026,14:57,794.973
07-05-2026,14:58,796.596
07-05-2026,14:59,797.204
07-05-2026,15:00,797.178
07-05-2026,15:01,803.595
07-05-2026,15:02,812.339
07-05-2026,15:03,805.509
07-05-2026,15:04,805.762
07-05-2026,15:05,810.112
07-05-2026,15:06,808.642
07-05-2026,15:07,811.859
07-05-2026,15:08,817.956
07-05-2026,15:09,596.287
07-05-2026,15:10,282.733
07-05-2026,15:11,733.83
07-05-2026,15:12,850.26
07-05-2026,15:13,855.047
07-05-2026,15:14,849.218
07-05-2026,15:15,848.449
07-05-2026,15:16,813.52
07-05-2026,15:17,787.349
07-05-2026,15:18,717.613
07-05-2026,15:19,529.03
07-05-2026,15:20,553.338
07-05-2026,15:21,270.37
07-05-2026,15:22,253.828
07-05-2026,15:23,253.565
07-05-2026,15:24,250.508
07-05-2026,15:25,250.473
07-05-2026,15:26,256.903
07-05-2026,15:27,268.869
07-05-2026,15:28,529.122
07-05-2026,15:29,712.75
07-05-2026,15:30,359.71
07-05-2026,15:31,525.548
07-05-2026,15:32,679.371
07-05-2026,15:33,307.228
07-05-2026,15:34,539.803
07-05-2026,15:35,359.503
07-05-2026,15:36,274.075
07-05-2026,15:37,269.348
07-05-2026,15:38,264.87
07-05-2026,15:39,264.88
07-05-2026,15:40,296.803
07-05-2026,15:41,279.746
07-05-2026,15:42,283.592
07-05-2026,15:43,284.385
07-05-2026,15:44,286.174
07-05-2026,15:45,288.583
07-05-2026,15:46,285.572
07-05-2026,15:47,282.524
07-05-2026,15:48,275.933
07-05-2026,15:49,270.464
07-05-2026,15:50,268.105
07-05-2026,15:51,264.76
07-05-2026,15:52,265.003
07-05-2026,15:53,271.237
07-05-2026,15:54,281.26
07-05-2026,15:55,288.531
07-05-2026,15:56,295.702
07-05-2026,15:57,302.873
07-05-2026,15:58,354.483
07-05-2026,15:59,346.925
07-05-2026,16:00,562.831
07-05-2026,16:01,548.133
07-05-2026,16:02,673.103
07-05-2026,16:03,681.684
07-05-2026,16:04,715.345
07-05-2026,16:05,730.432
07-05-2026,16:06,713.558
07-05-2026,16:07,705.689
07-05-2026,16:08,695.606
07-05-2026,16:09,680.412
07-05-2026,16:10,658.357
07-05-2026,16:11,651.003
07-05-2026,16:12,639.783
07-05-2026,16:13,635.399
07-05-2026,16:14,627.79
07-05-2026,16:15,619.674
07-05-2026,16:16,616.196
07-05-2026,16:17,611.06
07-05-2026,16:18,601.466
07-05-2026,16:19,585.767
07-05-2026,16:20,576.282
07-05-2026,16:21,567.802
07-05-2026,16:22,562.078
07-05-2026,16:23,555.367
07-05-2026,16:24,548.743
07-05-2026,16:25,544.564
07-05-2026,16:26,543.225
07-05-2026,16:27,500.397
07-05-2026,16:28,252.879
07-05-2026,16:29,231.727
07-05-2026,16:30,367.044
07-05-2026,16:31,215.891
07-05-2026,16:32,288.78
07-05-2026,16:33,244.058
07-05-2026,16:34,149.164
07-05-2026,16:35,166.585
07-05-2026,16:36,209.65
07-05-2026,16:37,333.625
07-05-2026,16:38,148.882
07-05-2026,16:39,177.138
07-05-2026,16:40,246.732
07-05-2026,16:41,497.43
07-05-2026,16:42,499.455
07-05-2026,16:43,496.469
07-05-2026,16:44,469.326
07-05-2026,16:45,473.882
07-05-2026,16:46,475.814
07-05-2026,16:47,471.44
07-05-2026,16:48,469.182
07-05-2026,16:49,463.731
07-05-2026,16:50,456.997
07-05-2026,16:51,451.202
07-05-2026,16:52,445.603
07-05-2026,16:53,441.405
07-05-2026,16:54,439.421
07-05-2026,16:55,435.814
07-05-2026,16:56,431.628
07-05-2026,16:57,430.334
07-05-2026,16:58,425.623
07-05-2026,16:59,375.392
07-05-2026,17:00,306.87
07-05-2026,17:01,136.729
07-05-2026,17:02,140.005
07-05-2026,17:03,193.351
07-05-2026,17:04,351.372
07-05-2026,17:05,366.509
07-05-2026,17:06,159.762
07-05-2026,17:07,141.974
07-05-2026,17:08,369.577
07-05-2026,17:09,372.741
07-05-2026,17:10,367.201
07-05-2026,17:11,363.92
07-05-2026,17:12,360.32
07-05-2026,17:13,354.162
07-05-2026,17:14,350.534
07-05-2026,17:15,346.908
07-05-2026,17:16,342.317
07-05-2026,17:17,338.732
07-05-2026,17:18,336.193
07-05-2026,17:19,333.42
07-05-2026,17:20,329.908
07-05-2026,17:21,326.565
07-05-2026,17:22,324.725
07-05-2026,17:23,321.51
07-05-2026,17:24,320.038
07-05-2026,17:25,317.442
07-05-2026,17:26,313.148
07-05-2026,17:27,302.903
07-05-2026,17:28,306.655
07-05-2026,17:29,281.093
07-05-2026,17:30,300.828
07-05-2026,17:31,290.4
07-05-2026,17:32,251.35
07-05-2026,17:33,254.579
07-05-2026,17:34,125.041
07-05-2026,17:35,175.645
07-05-2026,17:36,238.341
07-05-2026,17:37,273.487
07-05-2026,17:38,268.501
07-05-2026,17:39,262.991
07-05-2026,17:40,236.537
07-05-2026,17:41,185.606
07-05-2026,17:42,251.628
07-05-2026,17:43,249.018
07-05-2026,17:44,246.281
07-05-2026,17:45,238.826
07-05-2026,17:46,241.547
07-05-2026,17:47,239.807
07-05-2026,17:48,232.248
07-05-2026,17:49,231.375
07-05-2026,17:50,228.886
07-05-2026,17:51,211.344
07-05-2026,17:52,222.228
07-05-2026,17:53,217.015
07-05-2026,17:54,142.19
07-05-2026,17:55,104.538
07-05-2026,17:56,129.009
07-05-2026,17:57,192.516
07-05-2026,17:58,119.566
07-05-2026,17:59,78.922
07-05-2026,18:00,74.2197
07-05-2026,18:01,69.0057
07-05-2026,18:02,68.029
07-05-2026,18:03,68.0861
07-05-2026,18:04,67.7857
07-05-2026,18:05,67.6437
07-05-2026,18:06,68.5074
07-05-2026,18:07,81.5338
07-05-2026,18:08,66.6337
07-05-2026,18:09,93.8412
07-05-2026,18:10,133.892
07-05-2026,18:11,137.65
07-05-2026,18:12,119.191
07-05-2026,18:13,91.2602
07-05-2026,18:14,79.1485
07-05-2026,18:15,76.8928
07-05-2026,18:16,68.1472
07-05-2026,18:17,57.6104
07-05-2026,18:18,55.7407
07-05-2026,18:19,56.0369
07-05-2026,18:20,58.0816
07-05-2026,18:21,55.1299
07-05-2026,18:22,73.674
07-05-2026,18:23,113.959
07-05-2026,18:24,110.653
07-05-2026,18:25,84.531
07-05-2026,18:26,53.2386
07-05-2026,18:27,51.0552
07-05-2026,18:28,49.9679
07-05-2026,18:29,49.4767
07-05-2026,18:30,54.3605
07-05-2026,18:31,95.4748
07-05-2026,18:32,103.841
07-05-2026,18:33,101.871
07-05-2026,18:34,99.3177
07-05-2026,18:35,96.6735
07-05-2026,18:36,94.1673
07-05-2026,18:37,91.4137
07-05-2026,18:38,88.4729
07-05-2026,18:39,86.1026
07-05-2026,18:40,83.6635
07-05-2026,18:41,81.0636
07-05-2026,18:42,78.2908
07-05-2026,18:43,75.9472
07-05-2026,18:44,74.512
07-05-2026,18:45,70.4048
07-05-2026,18:46,64.0461
07-05-2026,18:47,62.8639
07-05-2026,18:48,58.0869
07-05-2026,18:49,57.5194
07-05-2026,18:50,58.6459
07-05-2026,18:51,56.6488
07-05-2026,18:52,53.616
07-05-2026,18:53,50.6232
07-05-2026,18:54,49.9594
07-05-2026,18:55,48.4735
07-05-2026,18:56,46.6585
07-05-2026,18:57,44.8332
07-05-2026,18:58,43.068
07-05-2026,18:59,41.1298
07-05-2026,19:00,38.5009
07-05-2026,19:01,32.1358
07-05-2026,19:02,25.6679
07-05-2026,19:03,22.4905
07-05-2026,19:04,21.4294
07-05-2026,19:05,20.6336
07-05-2026,19:06,19.9678
07-05-2026,19:07,19.1423
07-05-2026,19:08,18.0122
07-05-2026,19:09,16.892
07-05-2026,19:10,15.9123
07-05-2026,19:11,14.997
07-05-2026,19:12,14.0395
07-05-2026,19:13,13.1932
07-05-2026,19:14,12.3188
07-05-2026,19:15,11.4896
07-05-2026,19:16,10.6572
07-05-2026,19:17,9.88463
07-05-2026,19:18,9.1615
07-05-2026,19:19,8.48006
07-05-2026,19:20,7.83948
07-05-2026,19:21,7.16707
07-05-2026,19:22,6.45235
07-05-2026,19:23,5.84537
07-05-2026,19:24,5.26492
07-05-2026,19:25,4.56114
07-05-2026,19:26,3.9843
07-05-2026,19:27,3.54547
07-05-2026,19:28,3.14276
07-05-2026,19:29,2.76615
07-05-2026,19:30,2.44082
07-05-2026,19:31,2.2401
07-05-2026,19:32,1.90473
07-05-2026,19:33,1.63833
07-05-2026,19:34,1.344
07-05-2026,19:35,1.12455
07-05-2026,19:36,0.809139
07-05-2026,19:37,0.63466
07-05-2026,19:38,0.409149
07-05-2026,19:39,0.217072
07-05-2026,19:40,0.065548
07-05-2026,19:41,-0.067884
07-05-2026,19:42,-0.22486
07-05-2026,19:43,-0.421862
07-05-2026,19:44,-0.518111
07-05-2026,19:45,-0.583148
07-05-2026,19:46,-0.686379
07-05-2026,19:47,-0.837403
07-05-2026,19:48,-0.92485
07-05-2026,19:49,-1.01533
07-05-2026,19:50,-1.08913
07-05-2026,19:51,-1.12947
07-05-2026,19:52,-1.20658
07-05-2026,19:53,-1.24731
07-05-2026,19:54,-1.30967
07-05-2026,19:55,-1.32499
07-05-2026,19:56,-1.3748
07-05-2026,19:57,-1.3387
07-05-2026,19:58,-1.38704
07-05-2026,19:59,-1.39487
07-05-2026,20:00,-1.40263
07-05-2026,20:01,-1.40717
07-05-2026,20:02,-1.38517
07-05-2026,20:03,-1.41195
07-05-2026,20:04,-1.3944
07-05-2026,20:05,-1.408
07-05-2026,20:06,-1.41282
07-05-2026,20:07,-1.41806
07-05-2026,20:08,-1.41301
07-05-2026,20:09,-1.37765
07-05-2026,20:10,-1.4165
07-05-2026,20:11,-1.43542
07-05-2026,20:12,-1.45394
07-05-2026,20:13,-1.46249
07-05-2026,20:14,-1.47708
07-05-2026,20:15,-1.46674
07-05-2026,20:16,-1.41254
07-05-2026,20:17,-1.43521
07-05-2026,20:18,-1.42585
07-05-2026,20:19,-1.40337
07-05-2026,20:20,-1.42745
07-05-2026,20:21,-1.43586
07-05-2026,20:22,-1.41668
07-05-2026,20:23,-1.39978
07-05-2026,20:24,-1.40261
07-05-2026,20:25,-1.4088
07-05-2026,20:26,-1.39536
07-05-2026,20:27,-1.38281
07-05-2026,20:28,-1.37834
07-05-2026,20:29,-1.37895
07-05-2026,20:30,-1.35293
07-05-2026,20:31,-1.36587
07-05-2026,20:32,-1.35417
07-05-2026,20:33,-1.38484
07-05-2026,20:34,-1.39323
07-05-2026,20:35,-1.38552
07-05-2026,20:36,-1.41129
07-05-2026,20:37,-1.4008
07-05-2026,20:38,-1.41172
07-05-2026,20:39,-1.39073
07-05-2026,20:40,-1.39566
07-05-2026,20:41,-1.39773
07-05-2026,20:42,-1.42528
07-05-2026,20:43,-1.4059
07-05-2026,20:44,-1.39962
07-05-2026,20:45,-1.39538
07-05-2026,20:46,-1.38915
07-05-2026,20:47,-1.38149
07-05-2026,20:48,-1.41034
07-05-2026,20:49,-1.38879
07-05-2026,20:50,-1.36204
07-05-2026,20:51,-1.3431
07-05-2026,20:52,-1.30792
07-05-2026,20:53,-1.29013
07-05-2026,20:54,-1.26767
07-05-2026,20:55,-1.24869
07-05-2026,20:56,-1.21388
07-05-2026,20:57,-1.17099
07-05-2026,20:58,-1.16519
07-05-2026,20:59,-1.15804
07-05-2026,21:00,-1.15868
07-05-2026,21:01,-1.16153
07-05-2026,21:02,-1.21254
07-05-2026,21:03,-1.22842
07-05-2026,21:04,-1.25461
07-05-2026,21:05,-1.3108
07-05-2026,21:06,-1.35107
07-05-2026,21:07,-1.37042
07-05-2026,21:08,-1.42271
07-05-2026,21:09,-1.43646
07-05-2026,21:10,-1.43869
07-05-2026,21:11,-1.44897
07-05-2026,21:12,-1.43355
07-05-2026,21:13,-1.41707
07-05-2026,21:14,-1.40229
07-05-2026,21:15,-1.38
07-05-2026,21:16,-1.3574
07-05-2026,21:17,-1.33128
07-05-2026,21:18,-1.30922
07-05-2026,21:19,-1.30244
07-05-2026,21:20,-1.28894
07-05-2026,21:21,-1.26996
07-05-2026,21:22,-1.2437
07-05-2026,21:23,-1.22926
07-05-2026,21:24,-1.2001
07-05-2026,21:25,-1.17202
07-05-2026,21:26,-1.14159
07-05-2026,21:27,-1.14522
07-05-2026,21:28,-1.14107
07-05-2026,21:29,-1.14239
07-05-2026,21:30,-1.16112
07-05-2026,21:31,-1.2158
07-05-2026,21:32,-1.23366
07-05-2026,21:33,-1.26096
07-05-2026,21:34,-1.32195
07-05-2026,21:35,-1.36205
07-05-2026,21:36,-1.37501
07-05-2026,21:37,-1.42197
07-05-2026,21:38,-1.40666
07-05-2026,21:39,-1.37625
07-05-2026,21:40,-1.35316
07-05-2026,21:41,-1.32766
07-05-2026,21:42,-1.29958
07-05-2026,21:43,-1.30683
07-05-2026,21:44,-1.27745
07-05-2026,21:45,-1.28738
07-05-2026,21:46,-1.32283
07-05-2026,21:47,-1.33403
07-05-2026,21:48,-1.3159
07-05-2026,21:49,-1.2854
07-05-2026,21:50,-1.27689
07-05-2026,21:51,-1.24029
07-05-2026,21:52,-1.22252
07-05-2026,21:53,-1.20623
07-05-2026,21:54,-1.16341
07-05-2026,21:55,-1.13704
07-05-2026,21:56,-1.11902
07-05-2026,21:57,-1.1308
07-05-2026,21:58,-1.1699
07-05-2026,21:59,-1.17848
07-05-2026,22:00,-1.20344
07-05-2026,22:01,-1.23751
07-05-2026,22:02,-1.24274
07-05-2026,22:03,-1.2596
07-05-2026,22:04,-1.24964
07-05-2026,22:05,-1.23716
07-05-2026,22:06,-1.25297
07-05-2026,22:07,-1.2484
07-05-2026,22:08,-1.24192
07-05-2026,22:09,-1.22346
07-05-2026,22:10,-1.24471
07-05-2026,22:11,-1.26182
07-05-2026,22:12,-1.27298
07-05-2026,22:13,-1.25132
07-05-2026,22:14,-1.2689
07-05-2026,22:15,-1.24505
07-05-2026,22:16,-1.2415
07-05-2026,22:17,-1.23312
07-05-2026,22:18,-1.20875
07-05-2026,22:19,-1.2109
07-05-2026,22:20,-1.20539
07-05-2026,22:21,-1.20816
07-05-2026,22:22,-1.20815
07-05-2026,22:23,-1.22804
07-05-2026,22:24,-1.24301
07-05-2026,22:25,-1.26665
07-05-2026,22:26,-1.27267
07-05-2026,22:27,-1.29524
07-05-2026,22:28,-1.3126
07-05-2026,22:29,-1.32204
07-05-2026,22:30,-1.32351
07-05-2026,22:31,-1.3042
07-05-2026,22:32,-1.3015
07-05-2026,22:33,-1.2999
07-05-2026,22:34,-1.28036
07-05-2026,22:35,-1.30317
07-05-2026,22:36,-1.2888
07-05-2026,22:37,-1.33885
07-05-2026,22:38,-1.38355
07-05-2026,22:39,-1.41579
07-05-2026,22:40,-1.46461
07-05-2026,22:41,-1.48988
07-05-2026,22:42,-1.50924
07-05-2026,22:43,-1.53711
07-05-2026,22:44,-1.5454
07-05-2026,22:45,-1.52338
07-05-2026,22:46,-1.51088
07-05-2026,22:47,-1.51296
07-05-2026,22:48,-1.51084
07-05-2026,22:49,-1.45752
07-05-2026,22:50,-1.38999
07-05-2026,22:51,-1.33645
07-05-2026,22:52,-1.29281
07-05-2026,22:53,-1.24111
07-05-2026,22:54,-1.1987
07-05-2026,22:55,-1.15633
07-05-2026,22:56,-1.15351
07-05-2026,22:57,-1.11965
07-05-2026,22:58,-1.10694
07-05-2026,22:59,-1.13613
07-05-2026,23:00,-1.10748
07-05-2026,23:01,-1.09474
07-05-2026,23:02,-1.09124
07-05-2026,23:03,-1.11934
07-05-2026,23:04,-1.13199
07-05-2026,23:05,-1.17147
07-05-2026,23:06,-1.18425
07-05-2026,23:07,-1.23967
07-05-2026,23:08,-1.26311
07-05-2026,23:09,-1.31629
07-05-2026,23:10,-1.33683
07-05-2026,23:11,-1.38597
07-05-2026,23:12,-1.40211
07-05-2026,23:13,-1.40737
07-05-2026,23:14,-1.42468
07-05-2026,23:15,-1.44038
07-05-2026,23:16,-1.46063
07-05-2026,23:17,-1.47534
07-05-2026,23:18,-1.42886
07-05-2026,23:19,-1.37726
07-05-2026,23:20,-1.38759
07-05-2026,23:21,-1.36462
07-05-2026,23:22,-1.35371
07-05-2026,23:23,-1.34613
07-05-2026,23:24,-1.34075
07-05-2026,23:25,-1.33433
07-05-2026,23:26,-1.34853
07-05-2026,23:27,-1.32538
07-05-2026,23:28,-1.32742
07-05-2026,23:29,-1.31396
07-05-2026,23:30,-1.31182
07-05-2026,23:31,-1.32894
07-05-2026,23:32,-1.31383
07-05-2026,23:33,-1.2818
07-05-2026,23:34,-1.26788
07-05-2026,23:35,-1.30894
07-05-2026,23:36,-1.32504
07-05-2026,23:37,-1.30131
07-05-2026,23:38,-1.33343
07-05-2026,23:39,-1.29731
07-05-2026,23:40,-1.26445
07-05-2026,23:41,-1.27161
07-05-2026,23:42,-1.28395
07-05-2026,23:43,-1.25979
07-05-2026,23:44,-1.26597
07-05-2026,23:45,-1.23392
07-05-2026,23:46,-1.18727
07-05-2026,23:47,-1.18188
07-05-2026,23:48,-1.17766
07-05-2026,23:49,-1.15671
07-05-2026,23:50,-1.15749
07-05-2026,23:51,-1.21803
07-05-2026,23:52,-1.2054
07-05-2026,23:53,-1.21639
07-05-2026,23:54,-1.22712
07-05-2026,23:55,-1.2087
07-05-2026,23:56,-1.19753
07-05-2026,23:57,-1.16901
07-05-2026,23:58,-1.12092
07-05-2026,23:59,-1.12978
